user_id,rec_content_based,rec_collaborative
0,157514;159284;157555;162369;92427,289003;36193;283009;277107;50644
1,228299;345924;235079;233829;228944,289003;283009;277107;50644;39894
2,205848;206549;206618;209266;31116,68424;289003;283009;286265;57790
3,235023;246931;237671;236476;236800,289003;84849;283009;277107;50644
4,268529;193648;189040;188770;188270,74450;181162;74501;105484;289003
5,157015;284603;62627;62630;224354,289003;50644;39894;352979;36162
6,313006;236476;206130;236800;207386,289003;283009;277107;50644;39894
7,341748;284845;341146;85747;279547,289003;74450;283009;74501;50644
8,114430;331634;113895;284845;113548,289003;283009;277107;50644;39894
9,293259;346662;292477;291636;347220,74450;186070;286865;36405;67185
10,9126;226532;226669;202456;202504,289003;283009;277107;50644;39894
11,177140;176586;176700;176555;177148,289003;283009;50644;39894;36162
12,268529;279593;286008;277110;233967,289003;50644;39894;36162;74450
13,279547;285342;335500;334841;335418,289003;74501;283009;277107;50644
14,181833;96739;337138;182480;93090,93064;74450;289003;283009;277107
15,106981;107300;107583;107585;107301,88551;289003;70710;74455;283009
16,106485;107572;35491;38472;39043,289003;283009;277107;50644;39894
17,88789;88790;88791;88792;88797,289003;283009;277107;50644;39894
18,298449;300540;300481;296922;297780,74455;289003;283009;277107;50644
19,284845;207129;277307;207130;293259,283009;74450;277107;50644;39894
20,157514;159284;157555;162369;156355,41153;88413;112794;34692;285347
21,123852;122363;304136;301782;304708,74450;266221;289003;74501;86988
22,303496;261717;261688;261625;261630,289003;283009;277107;50644;39894
23,240165;240160;239522;239327;239530,289003;283009;277107;50644;39894
24,70215;159200;70214;70222;224354,289003;283009;277107;50644;39894
25,158998;159010;128962;289186;128479,289003;74450;283009;277107;50644
26,185772;186639;187119;185816;186646,289003;283009;277107;50644;39894
27,108853;108966;108959;108823;108847,57790;286865;74450;289003;165336
28,108853;108966;108959;108823;108847,74455;289003;57790;155087;354687
29,85171;85172;85173;85174;85175,289003;283009;277107;50644;39894
30,224354;284845;312610;324693;313922,289003;283009;74501;277107;50644
31,207129;207130;207128;207132;357484,289003;283009;277107;39894;74501
32,108885;157015;108813;108878;108879,283009;277107;50644;39894;352979
33,108853;108966;108959;108856;108823,289003;74455;283009;277107;50644
34,289186;202456;288321;288482;202460,86988;289003;112794;57790;283009
35,289186;288321;288482;86922;332517,289003;283009;93064;277107;50644
36,195032;195506;195840;194322;188083,289003;74450;283009;50644;39894
37,284845;335500;334841;335418;337774,289003;74501;283009;277107;74450
38,335500;334841;335418;129355;337774,289003;351111;74455;286265;283009
39,261765;261696;261666;261641;261564,289003;283009;74455;277107;50644
40,145391;162369;130578;145492;130736,289003;283009;74501;277107;50644
41,284847;285070;283787;345952;279964,289003;39161;283009;277107;50644
42,226496;7744;226686;292941;226681,289003;283009;277107;50644;39894
43,235726;118614;231641;118495;235271,93064;63947;289003;283009;203717
44,88789;88790;88791;88792;88797,289003;283009;277107;50644;39894
45,157514;159284;157555;162369;156355,289003;283009;74501;277107;50644
46,207128;207130;207132;207128;207130,289003;39161;283009;71644;213668
47,123705;124691;208920;123968;182461,289003;283009;74501;277107;50644
48,348006;292924;293189;347430;346964,289003;283009;277107;50644;39894
49,205848;206549;206618;209266;207141,289003;283009;277107;50644;39894
50,341748;284845;202239;341146;215638,283009;50644;39894;36162;214753
51,348006;292924;293189;347430;284845,289003;283009;50644;39894;352979
52,207129;207130;207128;282022;345924,289003;283009;277107;50644;39894
53,284845;247382;247382;236309;236309,74450;289003;213668;283009;277107
54,293259;346662;292477;291636;347220,289003;283009;277107;61886;50644
55,14049;16495;207129;207129;15356,289003;283009;277107;50644;39894
56,247600;97274;100925;234389;236964,327001;283009;277107;50644;36162
57,108853;108966;108959;108823;108847,74450;74455;289003;74501;200485
58,237810;246779;236478;237821;242949,289003;283009;50644;39894;74450
59,108917;108938;108908;108930;108855,289003;283009;277107;50644;39894
60,284845;207374;103317;104246;272006,74501;289003;283009;277107;50644
61,284845;209000;209000;209325;209325,74450;277107;50644;39894;74455
62,250711;251656;250378;251658;251655,289003;283009;74501;51550;57790
63,108853;108853;108966;108966;108959,289003;74450;74501;283009;277107
64,106485;107572;106972;107286;107288,277107;50644;39894;352979;36162
65,96342;96306;96570;95730;96194,289003;283009;277107;50644;39894
66,129016;127495;128957;127930;129150,289003;283009;277107;50644;39894
67,348006;292924;293189;347430;346964,74455;63086;289003;283009;50644
68,337586;282886;96581;335500;334841,289003;283009;277107;50644;39894
69,215797;215966;216078;215988;289186,289003;283009;277107;50644;39894
70,145391;130578;145492;130736;144411,74450;289003;74455;361986;283009
71,118614;118495;118498;118494;119448,36193;74817;37555;181162;289003
72,106981;107300;107583;107585;107906,289003;283009;277107;50644;39894
73,70215;70222;70220;70217;70221,289003;283009;277107;50644;39894
74,70215;70214;70222;70220;70221,289003;283009;277107;50644;74501
75,250711;251656;224354;250378;251658,289003;74455;283009;277107;93064
76,245322;245165;244870;244583;245062,289003;283009;277107;50644;39894
77,261685;261685;108856;336250;261544,289003;283009;50644;39894;352979
78,108853;108966;5396;108959;162369,289003;283009;277107;50644;39894
79,206524;205984;207927;206445;206534,74455;63947;86195;354248;100791
80,348006;292924;293189;347430;346964,289003;283009;277107;50644;39894
81,161789;157514;159284;156937;160464,63086;70219;68958;74450;74501
82,108853;108966;108959;108823;108847,63947;289003;74450;74501;283009
83,348006;292924;293189;347430;346964,289003;283009;74450;277107;50644
84,199498;199053;198883;198872;198232,186070;354970;326141;41297;71666
85,118614;118495;288754;288596;288298,289003;283009;63086;277107;50644
86,107304;107590;106989;107308;107594,289003;283009;277107;50644;39894
87,202456;280662;285101;119193;345722,142861;289003;74450;74501;283009
88,284847;337586;96581;95532;90281,71252;75576;71666;74457;202583
89,284845;207629;236476;293259;236800,283009;277107;50644;39894;36162
90,123852;96581;95532;114706;90281,57790;289003;283009;277107;50644
91,331634;331635;332184;332385;331662,68781;153166;74457;36193;181162
92,118614;118495;266401;118498;156560,289003;283009;277107;50644;39894
93,108853;276993;108966;108959;277073,289003;74455;283009;74450;74501
94,250409;250407;304986;250392;250399,289003;283009;277107;50644;39894
95,284847;96077;96726;96429;118614,93064;68958;289003;74450;180768
96,284845;336934;337834;336381;337006,63086;289003;283009;277107;50644
97,207129;216379;207130;206914;236476,289003;283009;74455;277107;50644
98,250711;146954;251656;83694;250378,289003;283009;277107;50644;39894
99,284845;243054;242199;242076;240743,289003;283009;277107;50644;39894
100,108853;108966;331634;108959;108823,289003;203568;60122;74501;262947
101,124182;123852;247382;236495;123966,289003;283009;277107;50644;39894
102,162369;140865;139454;207129;53485,289003;283009;277107;50644;39894
103,346938;346968;346864;293422;292832,71644;289003;198552;283009;74501
104,30530;217598;158191;162395;162309,283009;277107;50644;39894;36162
105,108853;108966;119241;108959;108823,289003;181162;283009;277107;50644
106,108853;108966;108959;284845;108823,289003;213668;283009;277107;50644
107,149066;116438;149087;118911;337586,74455;289003;74450;283009;277107
108,108853;108966;108959;108823;108847,57790;74455;289003;93064;283009
109,284845;343457;343452;343911;288499,99748;203568;193104;63086;74455
110,118614;118495;161180;118498;118494,289003;283009;200400;277107;50644
111,206492;207834;206639;206843;208031,289003;283009;74501;277107;39894
112,106886;159266;110926;157791;157162,74450;289003;74455;283009;277107
113,284845;283402;159266;281724;283794,289003;36193;74450;283009;277107
114,118614;118495;343457;118498;343452,65237;74455;181162;202583;75576
115,284845;237545;335500;334841;335418,74450;74501;289003;181162;86988
116,214215;237595;282022;228538;235726,74450;36193;186070;289003;74501
117,246354;246633;232726;235874;206130,283009;277107;50644;39894;36162
118,242207;242213;242997;242145;242045,289003;283009;277107;50644;39894
119,108853;70215;70222;70220;70217,289003;283009;50644;39894;352979
120,336897;348006;277085;292924;293189,277107;50644;36162;352979;214753
121,348006;224354;292924;293189;347430,289003;283009;277107;50644;39894
122,214215;282886;96581;95532;92427,289003;283009;277107;50644;39894
123,118614;118495;118498;118494;119448,112794;289003;51550;39161;186070
124,149220;284845;147992;149048;118358,289003;74455;283009;57790;36193
125,118614;118495;118498;118494;119448,193104;282683;319206;74501;33549
126,235023;246931;246930;279547;255753,289003;283009;277107;50644;39894
127,336897;261685;62409;337342;336896,289003;283009;277107;50644;39894
128,348006;292924;293189;347430;346964,289003;283009;277107;50644;39894
129,96581;95532;90281;96357;96219,36193;71644;57790;289003;316504
130,108853;108966;108959;108823;108847,289003;74455;283009;74450;50644
131,207757;14868;304136;301782;304708,289003;283009;74501;277107;50644
132,288298;344176;288799;288404;289002,327001;316504;214433;335679;168369
133,177657;250711;176859;177336;176966,289003;283009;277107;50644;39894
134,162369;332114;215638;331634;215827,289003;283009;277107;50644;39894
135,70215;70214;70222;70220;224353,289003;283009;277107;50644;74455
136,108853;108966;331634;108959;277085,289003;283009;74450;277107;50644
137,108853;107304;107590;106989;107308,289003;283009;277107;50644;39894
138,14390;14116;13736;11428;16480,289003;283009;277107;50644;303725
139,236987;247663;219904;219855;219088,74450;74455;289003;282749;74501
140,283819;348006;277085;224354;292924,289003;283009;277107;50644;39894
141,284845;149066;116438;149087;118911,74450;289003;283009;277107;50644
142,223957;332517;118614;118495;331583,289003;93064;283009;277107;50644
143,108853;108966;108959;108823;108847,289003;283009;277107;50644;39894
144,162369;162369;284845;129016;207129,289003;283009;277107;50644;39894
145,70214;70217;70222;70220;70221,289003;283009;277107;50644;39894
146,289186;205848;206549;206618;202443,289003;283009;277107;39894;36162
147,108856;227915;108673;108594;108602,289003;74455;213668;74450;74501
148,284845;331737;332082;92427;332194,74501;74455;289003;74450;63947
149,288267;261765;261696;261666;288275,289003;50644;39894;352979;36162
150,84771;77271;78181;84096;84962,86988;213668;354970;166041;70710
151,162369;16795;16838;16038;14976,289003;198552;63086;283009;118222
152,107304;107590;108885;108813;106989,289003;283009;277107;50644;352979
153,207129;258477;215638;207130;258219,289003;283009;277107;50644;39894
154,108853;19713;19645;19716;19669,289003;283009;277107;50644;39894
155,207129;207130;313006;313868;157514,74450;289003;74501;283009;277107
156,243054;242199;242076;240743;268529,289003;60122;74450;71644;283009
157,239130;239576;239512;239691;239692,289003;283009;277107;50644;39894
158,283817;285735;285734;284485;344577,70710;181162;289003;166355;74501
159,108853;108966;108959;284845;108855,289003;74450;283009;277107;50644
160,348006;292924;293189;347430;346964,289003;283009;277107;50644;39894
161,108853;108966;108959;284845;108823,70710;289003;74455;86988;74501
162,236987;118614;248246;233127;118495,289003;63086;283009;277107;50644
163,133422;132727;214215;335500;334841,289003;283009;277107;50644;39894
164,348006;292924;293189;347430;346964,289003;86988;74500;283009;74451
165,108853;108966;108959;108823;108847,213668;354970;166041;84849;211147
166,108853;157015;108966;108959;108823,74450;289003;283009;277107;74501
167,207129;207130;207128;207132;118614,286865;289003;235155;283009;277107
168,108853;108966;108959;162369;108823,289003;283009;277107;74450;50644
169,195843;194978;195573;240165;215975,289003;283009;39894;352979;36162
170,293259;346662;292477;291636;347220,289003;99748;74455;283009;262947
171,96581;215985;95532;216136;90281,74455;289003;283009;277107;50644
172,348006;292924;293189;347430;346964,289003;74450;283009;277107;50644
173,272731;273634;268398;269798;267530,74450;105484;202583;68327;289003
174,145453;130280;131330;142736;144963,159298;167091;43205;74455;289003
175,284845;338273;29891;22339;30371,289003;283009;277107;50644;39894
176,127930;128551;313006;126681;128978,289003;283009;277107;50644;39894
177,279272;233967;304136;279547;301782,289003;283009;277107;50644;39894
178,284845;236309;283794;321328;345908,289003;142861;74451;63947;283009
179,108853;108966;108959;108823;108847,140131;181162;289003;283009;277107
180,216379;202443;202424;203481;202494,281541;186070;281820;289003;163960
181,343457;343452;343911;288499;288363,74450;161441;205620;282620;186070
182,108853;108966;108959;108823;108847,74455;36193;289003;283009;277107
183,162369;261685;112980;284845;207129,289003;283009;50644;39894;352979
184,108853;108966;108959;207129;108823,289003;283009;277107;50644;39894
185,107304;107590;106989;107308;107594,283009;277107;50644;39894;352979
186,187504;132914;132064;186611;185752,289003;283009;74501;277107;50644
187,341748;341146;341446;342418;343166,63086;213668;74455;289003;283009
188,77222;84724;84290;77759;77411,289003;283009;277107;50644;39894
189,107590;106985;106986;107303;107587,289003;283009;50644;39894;352979
190,156355;348006;225010;292924;293189,289003;283009;277107;50644;39894
191,114399;207757;113063;220082;146947,289003;283009;277107;50644;39894
192,207129;207130;207128;207132;231244,74450;289003;316504;213932;193104
193,284845;345238;146458;337291;283893,289003;74455;283009;74501;277107
194,315435;315437;315856;315463;315560,93064;68958;74457;68781;169744
195,207129;207130;149066;116438;149087,289003;180768;181162;74450;283009
196,225010;207129;187504;207130;186611,289003;283009;277107;74450;50644
197,108853;108966;108959;108823;108847,193104;63086;262947;289003;283009
198,108853;108966;108959;261685;108855,289003;283009;277107;50644;39894
199,284845;202456;123852;215985;216136,289003;74455;283009;277107;50644
200,108853;108966;108959;108659;108823,289003;283009;277107;50644;39894
201,336897;341748;347323;347226;292722,289003;283009;277107;39894;352979
202,93701;91068;97464;97274;97540,24580;289003;74450;74456;57790
203,284845;346234;187504;186611;283455,289003;283009;277107;50644;39894
204,108853;108966;108959;108823;108847,74455;289003;74450;283009;74501
205,239130;239576;239512;239691;239692,289003;171471;283009;235155;277107
206,250711;251656;250378;207129;251658,289003;283009;277107;50644;39894
207,207129;207130;207128;207132;118614,74450;213668;86988;153166;93064
208,108940;108885;108938;108908;158767,289003;283009;277107;50644;39894
209,207129;207130;207128;207132;203702,69956;351111;319206;222149;39934
210,177276;177986;176615;215975;215907,283009;277107;50644;39894;36162
211,239615;202210;202231;202423;202225,289003;283009;277107;50644;39894
212,107909;108237;108238;108853;107305,289003;283009;277107;50644;39894
213,118614;118495;118498;118494;119448,316504;57790;93064;32446;213668
214,108853;108966;108959;108823;108847,289003;283009;277107;50644;74501
215,284845;336250;279593;337781;286008,289003;74501;277107;50644;36162
216,284847;283787;345952;279964;279934,86988;41153;321196;36193;51550
217,70214;70217;70222;70220;70221,289003;283009;277107;50644;39894
218,70214;70217;70222;70220;70221,289003;99748;283009;74501;262947
219,108853;108966;108959;284845;108855,289003;283009;50644;39894;352979
220,284845;77933;331737;118908;332082,289003;283009;277107;50644;39894
221,70214;70214;70214;70222;70222,289003;283009;277107;50644;39894
222,108853;108966;108959;108823;108847,289003;186070;200400;283009;277107
223,332456;331588;329522;329664;147915,289003;57790;74455;74450;283009
224,284845;90118;283787;96664;93471,106946;351111;171471;5441;222149
225,108853;108966;244950;108959;244584,283009;50644;39894;352979;214753
226,107304;107590;106989;107308;107594,289003;74450;283009;277107;50644
227,261685;242207;261544;261472;242213,289003;283009;277107;50644;39894
228,217669;218271;217533;217665;217993,86988;68327;361986;32446;213668
229,207129;209000;209325;207130;106886,289003;283009;277107;50644;39894
230,108853;108966;108959;108823;108847,193104;63086;86988;289003;74457
231,286366;284611;284182;282723;279707,51550;62197;306097;192414;74500
232,284268;285706;285124;284191;284346,327001;289003;57790;191772;283009
233,324693;324693;314154;314154;312982,289003;74450;283009;277107;50644
234,108853;108966;108959;108823;108847,86988;36193;186070;354621;289003
235,114119;22062;31582;22875;114457,289003;283009;50644;74501;74455
236,186200;186324;186647;185797;140865,289003;283009;277107;50644;39894
237,277085;284845;207129;277068;336254,289003;283009;277107;50644;39894
238,108853;108966;307851;108959;242341,289003;283009;277107;50644;39894
239,183494;183005;182366;159563;181750,84101;63947;203717;32446;225158
240,207129;207130;207128;207132;203702,74450;180768;286265;181162;289003
241,207128;207130;207132;207128;207130,63086;186070;167091;67185;289003
242,157514;159284;157555;162369;95866,74450;93064;73308;289003;282683
243,108853;108966;108959;284845;108823,289003;283009;277107;50644;39894
244,107909;108237;108238;108853;107305,289003;283009;50644;39894;352979
245,108853;108966;108959;108823;108847,289003;74455;283009;50644;39894
246,108853;108966;108959;118549;148564,57790;88551;289003;162200;146202
247,108853;108966;108959;108823;108847,289003;283009;277107;50644;39894
248,162369;162369;207129;10370;202239,289003;283009;74501;277107;50644
249,277085;284847;277068;293259;337586,289003;283009;277107;50644;39894
250,207129;207130;214215;207128;207132,289003;57790;283009;74501;99748
251,118614;118495;118498;118494;108443,303269;289003;112258;230334;213668
252,108853;108966;108959;225121;108855,289003;283009;277107;50644;39894
253,162369;209000;209325;206704;208938,289003;283009;74450;277107;50644
254,118614;118495;203558;357484;231244,289003;74455;74450;283009;277107
255,215975;215907;351876;331634;216357,289003;277107;39894;352979;214753
256,108853;108885;108813;108966;108878,289003;74450;74501;283009;277107
257,108853;108966;108959;108823;108847,74450;289003;93064;74456;213668
258,108853;108966;108959;108823;108847,327766;74455;326141;289003;142861
259,284603;284845;250432;128479;129574,289003;283009;277107;50644;39894
260,284845;337586;336538;28529;230355,289003;283009;277107;50644;39894
261,284845;123852;124755;124607;123826,51624;289003;191772;112794;283009
262,95514;97520;90455;90458;94187,74450;289003;283009;68424;354970
263,108853;108966;108959;108823;108847,289003;283009;277107;50644;39894
264,250711;251656;250378;251658;251655,289003;283009;277107;50644;39894
265,284845;216379;243054;242199;288320,289003;283009;277107;50644;39894
266,337563;334108;333749;337746;336719,235155;262947;303725;99748;74371
267,236476;236800;236484;234724;236638,289003;74455;283009;277107;50644
268,224353;214215;222259;224011;118614,289003;283009;277107;50644;39894
269,207129;336250;207130;337781;123852,283009;277107;50644;39894;36162
270,85171;85172;85173;85174;85175,277107;50644;39894;352979;36162
271,284845;343457;343452;343911;288499,57790;32446;289003;351111;286865
272,348006;292924;293189;347430;346964,63086;357766;86988;213668;63947
273,335500;334841;335418;236987;337774,74455;289003;283009;74450;277107
274,348006;292924;293189;347430;284845,289003;283009;277107;50644;74450
275,108853;108966;108959;108823;108847,213668;289003;193104;235155;60122
276,90118;293278;286175;292668;293185,289003;283009;277107;50644;36162
277,207129;207130;237673;207128;207132,289003;74501;316504;283009;74450
278,108853;108966;108959;207129;108823,286265;34692;86988;37262;61500
279,106989;107594;107911;106987;106988,181162;74450;289003;74455;74501
280,162369;236476;236800;70592;236484,289003;283009;277107;50644;39894
281,246881;250711;251656;16912;250378,289003;283009;277107;50644;39894
282,140512;139951;139951;139485;139858,74450;289003;213668;65704;283009
283,108853;108966;108959;284845;207129,289003;283009;277107;50644;74501
284,118614;118495;118498;118494;119448,71644;51550;138674;112794;289003
285,66039;66081;293278;292668;293185,289003;74455;302486;70710;283009
286,245088;244870;244928;245083;245716,289003;283009;277107;39894;352979
287,118614;118495;16736;118498;118494,36193;289003;180768;84849;70710
288,284845;96739;93090;96212;93450,74450;289003;74501;283009;277107
289,219758;189776;220126;220342;189249,289003;74501;283009;74450;277107
290,108853;108885;108813;108966;108878,289003;283009;277107;50644;39894
291,243054;242199;242076;240743;243188,289003;74450;74501;283009;277107
292,242451;243244;242593;162369;243229,283009;277107;50644;39894;352979
293,284845;96581;95532;90281;96357,289003;74455;74450;74501;283009
294,211723;337586;336946;334628;336277,289003;93064;283009;74455;60122
295,224354;207129;187504;207130;186611,289003;283009;277107;50644;39894
296,348006;292924;293189;347430;346964,289003;283009;277107;50644;39894
297,177140;176586;176700;176555;177148,289003;283009;277107;50644;39894
298,108856;206449;207629;337586;108673,289003;283009;74450;277107;50644
299,337563;334108;333749;337746;336719,57790;222149;289003;306066;74455
300,226581;226560;226640;213877;226550,283009;277107;50644;39894;36162
301,207129;239615;207130;239304;16610,289003;283009;277107;50644;39894
302,107304;107590;106989;107308;107594,289003;283009;277107;50644;39894
303,284845;337586;96581;95532;90281,74455;289003;74450;283009;277107
304,247663;282022;345924;247560;285422,200400;57790;336056;289003;74455
305,207310;206845;206639;206197;266401,316504;93064;73308;84849;71644
306,284845;218624;218044;218116;218466,181162;289003;51550;74501;74450
307,284845;243054;242199;288320;242076,289003;74455;283009;277107;50644
308,108853;108966;108959;108678;108823,289003;283009;277107;50644;39894
309,70215;70214;70222;140781;140908,289003;74450;283009;277107;74501
310,261685;261544;261472;149066;261677,316504;289003;283009;32446;277107
311,226686;226478;5346;30870;226471,289003;283009;277107;50644;39894
312,215975;215907;216357;216163;216000,74450;283009;50644;39894;36162
313,206130;85747;207386;85475;337586,289003;283009;74501;74450;277107
314,261685;63749;63745;63740;261509,289003;74450;283009;277107;50644
315,108853;108966;108959;108823;108847,36193;51550;116736;99748;316504
316,108853;108966;108959;108823;108847,74450;93064;213668;70710;289003
317,284845;79743;48434;83661;77858,193104;289003;74501;70710;283009
318,96342;96306;96570;268529;95730,352979;36162;214753;336254;245161
319,337586;214215;96581;95532;90281,57790;213668;289003;283009;50644
320,337138;338013;333494;337454;333636,289003;283009;277107;50644;39894
321,202456;236987;207310;206845;206639,289003;283009;277107;50644;39894
322,108853;108966;108959;108823;108847,74455;99748;336056;61500;95156
323,284845;336250;313006;337781;313868,289003;283009;74450;277107;50644
324,162369;108855;108678;108696;108611,74450;289003;283009;277107;316504
325,108853;108966;108959;108823;108847,289003;283009;277107;50644;36162
326,108885;108813;108878;108879;108880,283009;50644;39894;352979;36162
327,247663;237595;228538;236325;247560,36193;57790;289003;99748;283009
328,69887;157847;69542;63649;67086,213668;198552;68958;39793;289003
329,305036;303259;303932;89959;303231,289003;283009;74501;277107;50644
330,112980;207129;146998;114795;114317,277107;50644;39894;352979;36162
331,148564;284847;148426;186314;283402,289003;283009;277107;50644;39894
332,108853;240165;240160;239522;239327,289003;283009;277107;39894;214753
333,108853;70215;70214;70222;108966,289003;50644;39894;36162;352979
334,284845;233787;9147;246551;246325,289003;36193;283009;277107;50644
335,331222;331570;337005;338163;331425,289003;283009;186070;67185;277107
336,108853;108966;108959;284845;108823,68958;79050;62149;198552;303269
337,108853;107304;107590;106989;107308,213668;63086;71644;63947;316504
338,207129;218039;336250;218148;215638,289003;283009;277107;50644;39894
339,108853;284603;108966;108959;108823,193104;262947;86988;87011;289003
340,108853;108966;108959;108823;108847,211147;213932;74450;62616;289003
341,215638;215827;237821;215211;216086,289003;283009;277107;50644;39894
342,363122;362546;361611;362528;362729,74450;74501;230334;289003;86988
343,284845;343457;343452;343911;184275,51550;74455;282749;99748;70814
344,123368;230632;198964;124717;237452,74450;289003;74455;74501;283009
345,284845;347323;347226;292722;292345,289003;283009;277107;50644;39894
346,288320;288482;91051;90031;96170,289003;283009;277107;50644;39894
347,284845;283787;345952;283128;282553,235155;89091;93064;316504;58000
348,70215;70222;70220;70217;119486,289003;283009;277107;50644;39894
349,108853;108966;108959;348006;224354,289003;283009;277107;50644;39894
350,207129;132914;132064;207130;205848,289003;283009;277107;50644;39894
351,245041;118614;118495;206964;245040,181162;289003;74501;74455;63947
352,108853;108966;108959;108823;108847,36193;99748;74371;100516;50265
353,108853;108966;108959;189945;258477,74450;289003;74455;283009;277107
354,107304;107590;106989;107308;107594,171471;289003;180768;68958;285695
355,108853;108966;108959;108659;189647,289003;283009;74501;277107;50644
356,336250;337781;202456;336256;336924,74450;63086;74501;186070;283009
357,108853;108966;108959;108823;108847,289003;283009;277107;50644;39894
358,108853;108966;108959;108823;108847,74452;200400;266221;214433;157407
359,248360;115302;243054;117294;71492,289003;283009;277107;50644;39894
360,108853;108966;108959;225010;108823,289003;283009;277107;50644;39894
361,147965;118309;118306;118857;119535,63947;74451;74501;74450;181162
362,284845;243054;242199;289186;242076,289003;283009;277107;50644;39894
363,207129;207130;337586;207128;284638,289003;32446;283009;277107;50644
364,96342;336250;96306;216379;96570,289003;283009;50644;39894;352979
365,108853;108966;108959;284845;108855,289003;74501;283009;277107;50644
366,108853;108966;140781;145767;140908,289003;283009;277107;50644;39894
367,46803;10370;43425;256082;44958,289003;283009;277107;50644;39894
368,108853;108966;108959;108823;108847,57790;74455;99748;36193;139031
369,162369;258071;284845;276946;277085,289003;283009;277107;50644;39894
370,118614;118495;343457;118498;343452,36193;326141;289003;283009;277107
371,162369;15356;16335;14860;15192,289003;283009;277107;50644;39894
372,232726;235874;230456;246407;246221,180768;289003;74450;283009;74501
373,108853;108966;108959;108855;108678,289003;283009;277107;50644;285695
374,108853;108885;108813;108966;108878,289003;283009;277107;50644;39894
375,90118;96664;93471;118683;90299,289003;283009;112794;88413;277107
376,321118;16981;336897;348006;277085,277107;50644;39894;36162;214753
377,284845;289186;148326;148794;149101,74455;51550;283009;74450;277107
378,207129;331737;242207;207130;242213,289003;283009;277107;50644;39894
379,108853;108966;108959;108823;108847,289003;283009;277107;50644;39894
380,108853;107304;107590;106989;107308,74450;289003;283009;277107;50644
381,284845;123852;123368;124755;124717,36193;74455;289003;74450;74457
382,211723;212022;209325;169471;118614,289003;74450;283009;277107;50644
383,108856;187504;186611;185752;187196,289003;283009;277107;50644;39894
384,279593;286008;346137;282249;284464,277107;50644;352979;36162;336254
385,108853;108966;108959;108823;108847,142861;93064;289003;68958;283009
386,284845;227915;214215;96581;95532,289003;283009;74501;277107;142861
387,237545;232150;229169;246655;118614,86988;186070;112794;354705;74452
388,107909;108237;108238;106989;107594,289003;283009;277107;50644;39894
389,284845;277110;30955;288736;215985,289003;57790;283009;36193;50644
390,343457;343452;343911;288499;288363,74450;84849;223776;282729;86754
391,108443;235312;87439;162338;233613,74450;289003;181162;283009;74501
392,108853;108966;108959;181626;108823,289003;283009;74450;74501;277107
393,284845;347323;250775;347226;292722,289003;283009;74450;277107;50644
394,132914;283327;132064;132022;132868,289003;36193;283009;277107;50644
395,243054;242199;242076;240743;313006,289003;283009;277107;50644;352979
396,207374;62600;26340;30510;86485,74450;289003;74501;283009;277107
397,108853;108966;108959;108855;108678,289003;63947;283009;86988;277107
398,129016;127495;128957;127930;129150,289003;57790;283009;277107;50644
399,284847;283787;345952;279964;279934,203568;316504;71644;51550;63086
400,226475;226686;226590;226576;226536,74450;289003;283009;74501;277107
401,108853;108966;108959;108823;108847,166184;73308;301476;74501;289003
402,187504;243054;186611;242199;185752,289003;283009;277107;50644;39894
403,107304;107590;106989;107308;107594,321196;235155;289003;68958;112794
404,244689;244690;284845;157514;203558,289003;283009;277107;50644;39894
405,207129;283177;207130;337586;230355,289003;283009;277107;50644;39894
406,293259;337586;346662;292477;291636,289003;74455;57790;283009;277107
407,108853;108966;108959;108823;108847,74450;361986;186070;289003;166041
408,155512;202427;202182;155847;209476,74450;186070;51550;49874;289003
409,2478;2479;261685;2477;243054,289003;283009;277107;50644;352979
410,157514;159284;157555;162369;156355,289003;57790;71644;283009;50644
411,108853;108966;108959;207129;108823,289003;74501;283009;277107;50644
412,234241;233892;234194;234582;235585,74450;251936;74501;348588;74455
413,108853;108885;292941;108813;347622,283009;50644;39894;352979;36162
414,235385;236476;236800;236484;234724,289003;283009;277107;50644;39894
415,108853;108966;108959;108823;108847,32446;361986;289003;354970;316504
416,207129;207130;14869;207128;207132,289003;283009;277107;50644;36162
417,70214;70217;70222;70220;70221,289003;283009;277107;50644;39894
418,118614;118495;343457;118498;343452,63947;36193;74457;93064;34157
419,336250;289186;279593;337781;286008,289003;277107;50644;39894;36162
420,279547;285342;9147;285435;286161,74450;74455;289003;70710;283009
421,162369;207129;207130;207128;157541,289003;63086;74450;181162;283009
422,288320;277110;96581;95532;288482,289003;283009;50644;39894;352979
423,284845;118614;118495;118498;118494,195556;281820;186070;68958;74452
424,114119;242207;242213;242997;242145,289003;74455;283009;277107;50644
425,252028;253372;253908;157876;254103,289003;283009;74501;277107;50644
426,108853;108966;108959;284845;108823,316504;142865;36101;89091;57790
427,108853;107304;107590;106989;107308,74450;289003;283009;277107;50644
428,207129;207130;340101;197427;236987,289003;283009;277107;50644;39894
429,198610;199197;198817;198822;198914,36193;289003;316504;57790;283009
430,159941;145453;130280;157860;131330,68958;213668;74450;354970;93064
431,247382;236309;236309;234318;247163,112794;186070;289003;79790;357105
432,236476;236800;279593;236484;234724,289003;277107;50644;39894;352979
433,207129;207130;127930;128551;126681,289003;74501;283009;277107;50644
434,216053;216009;284845;216006;216281,289003;283009;277107;50644;39894
435,132898;132947;132572;132974;133354,354970;262947;289003;64950;67185
436,283530;90118;283549;285047;345539,289003;304496;67185;283009;60122
437,108853;108966;108959;224354;108823,289003;262947;283009;322955;74450
438,162369;228807;237643;233066;237545,289003;74501;283009;74455;277107
439,97274;90444;59398;52633;58397,289003;283009;277107;50644;39894
440,108856;207129;207130;157514;108673,186070;74450;289003;166041;86988
441,127979;128479;313006;129574;128772,289003;283009;277107;50644;39894
442,284847;234633;337586;206929;96581,289003;283009;277107;50644;39894
443,207156;207887;205847;207386;126938,289003;283009;74450;277107;50644
444,284845;284547;209325;247663;236244,289003;316504;354970;67185;283009
445,108853;108966;108959;108823;108847,289003;74501;283009;74455;277107
446,284845;206130;207386;206814;207141,289003;283009;277107;50644;39894
447,256986;108958;108935;108936;108901,289003;283009;277107;39894;352979
448,225010;284845;205848;313006;206549,289003;283009;277107;50644;39894
449,108853;108966;108959;108823;108847,64950;181162;289003;140131;74501
450,162369;341748;341146;341446;337586,74450;289003;186070;283009;277107
451,216379;236495;216247;118614;118495,86988;289003;74455;70710;283009
452,207129;207130;279547;227915;285342,289003;283009;277107;50644;39894
453,293259;303531;346662;292477;291636,289003;283009;277107;50644;74501
454,89959;95670;96342;96977;96304,71644;316504;354949;41303;210899
455,284845;268529;215985;216136;215128,57790;289003;283009;50644;277107
456,92427;93252;92408;118614;118495,36193;86988;70710;316504;180768
457,149220;96342;284845;149048;118358,289003;283009;277107;50644;39894
458,234935;107361;233321;105262;103948,74455;289003;181162;70814;283009
459,156355;224354;283402;207374;29891,289003;283009;277107;50644;39894
460,107304;107590;106989;107308;107594,74455;181162;289003;193104;74501
461,157514;159284;157555;162369;156355,93064;146202;74455;63086;32247
462,284845;90118;283787;96664;93471,171471;354694;289003;322502;74500
463,239527;239814;239089;239529;239691,289003;283009;277107;50644;74501
464,225121;284845;9126;215025;277307,289003;283009;277107;50644;39894
465,224353;313006;279547;313868;285342,283009;277107;50644;39894;74501
466,128479;129574;128772;129423;128729,326548;288102;5469;57555;289003
467,108856;108673;108594;237673;108602,289003;63086;57790;283009;71644
468,140865;139454;346234;141331;141534,289003;283009;277107;50644;39894
469,207122;207128;207132;313792;345653,289003;316504;74457;283009;277107
470,348006;292924;293189;347430;346964,289003;74450;283009;277107;50644
471,206639;236476;236800;236484;234724,289003;283009;277107;50644;39894
472,236987;219904;219855;219088;248246,74450;289003;74455;283009;277107
473,108853;108966;108959;108823;108847,74450;361986;93064;289003;63086
474,216379;331737;332082;214215;218624,289003;283009;277107;50644;39894
475,226496;226686;226681;226576;226478,289003;74450;283009;50644;39894
476,108853;108966;108959;284845;207129,289003;283009;74501;277107;50644
477,207129;207130;156393;68692;207128,289003;283009;277107;50644;39894
478,284845;96739;337138;93090;96212,289003;283009;277107;50644;36162
479,207129;207130;96581;95532;207128,335939;67966;289003;39161;233772
480,177140;176586;176700;176555;177148,289003;283009;277107;50644;39894
481,108853;108966;108959;108823;108847,351111;327001;316504;289003;283009
482,108853;108966;108959;84015;108856,289003;74450;283009;277107;50644
483,162369;96342;108678;108696;336250,50644;36162;214753;74501;74450
484,348006;292924;293189;347430;346964,289003;283009;277107;74450;50644
485,293259;346662;292477;214215;291636,289003;283009;277107;50644;39894
486,108853;108966;108959;108823;108847,74450;361986;289003;283009;68958
487,331737;332082;332194;118614;330520,74450;335185;286265;289003;213932
488,160784;161064;160311;160428;161095,57790;200277;62462;93064;74455
489,118614;118495;118498;118494;108443,324171;327001;342619;267090;68958
490,108853;108966;108959;108823;108847,289003;283009;74450;277107;50644
491,108856;149130;118697;119531;118618,289003;283009;277107;50644;39894
492,268529;118614;118495;267850;272709,51550;289003;74455;181162;283009
493,108853;108966;108959;108855;108678,235155;289003;7971;283009;68958
494,207129;207130;293259;337586;346662,289003;74455;283009;277107;50644
495,166842;166849;166961;277713;123368,354970;74455;289003;266017;51624
496,108853;108966;108959;207129;108823,289003;283009;277107;50644;39894
497,108853;108885;108813;108966;108878,289003;283009;277107;50644;39894
498,108443;235312;87439;233613;88306,100791;36193;200400;32446;289003
499,177276;177986;176615;176316;177691,289003;283009;277107;50644;39894
500,108853;108966;108959;162369;225010,289003;283009;277107;50644;39894
501,162369;166862;157541;157500;338069,289003;283009;277107;50644;39894
502,108853;108966;108959;108823;108847,64950;106946;289003;316504;283009
503,227915;277110;236987;236371;236460,211147;286865;289003;7971;168627
504,108853;107304;107590;106989;107308,289003;283009;277107;50644;39894
505,207374;118614;118495;118498;118494,74450;361986;86958;74501;186070
506,337586;157514;159284;157555;162369,289003;283009;277107;316504;50644
507,202456;118807;148425;129888;118391,289003;74450;193104;283009;277107
508,70215;70222;70220;70217;118585,289003;283009;277107;50644;39894
509,108855;346234;283402;108678;108696,283009;277107;50644;39894;352979
510,118614;118495;118498;118494;119448,112794;181162;41153;193104;289003
511,85612;87411;86746;85988;86185,74450;153166;289003;105484;241706
512,244689;5396;244690;207129;352117,289003;283009;277107;50644;39894
513,236476;236800;236484;234724;236638,93064;74455;289003;36486;74457
514,15029;14990;14373;15147;15195,74450;74455;289003;74501;283009
515,214215;166434;73691;212511;166588,71644;57790;289003;60122;93064
516,108443;235312;87439;233613;88306,99753;157407;354267;63086;282749
517,108885;108813;108878;108879;108880,289003;283009;277107;50644;39894
518,292648;293389;347030;292886;291636,289003;283009;277107;50644;39894
519,284845;291636;293333;247382;293389,74450;289003;283009;277107;50644
520,215975;215907;216357;216163;216000,289003;283009;50644;39894;352979
521,107909;108237;108238;107305;107910,289003;283009;277107;50644;39894
522,162369;127930;128551;126681;118512,289003;283009;181162;277107;50644
523,107304;107590;106989;107308;107594,289003;283009;277107;50644;36162
524,108885;108813;108878;108879;108880,289003;283009;277107;50644;39894
525,157514;159284;157555;162369;156355,51550;99748;57790;163960;142865
526,284845;268529;277110;96581;233967,289003;283009;74455;39894;352979
527,234241;233892;234194;234582;235585,63947;74455;213668;74450;57790
528,279272;284474;284547;284452;279547,36193;289003;283009;277107;50644
529,107304;107590;106989;107308;107594,283009;277107;50644;39894;352979
530,233967;236616;246662;232761;202460,32446;86988;210899;230334;272348
531,202456;202283;202421;202437;203426,41405;86988;289003;61886;74455
532,108853;108853;108966;108966;140781,289003;283009;277107;50644;39894
533,202456;118614;118495;206253;202283,74450;186070;74501;289003;283009
534,108853;108966;108959;292261;108823,74450;289003;74501;283009;277107
535,108917;108938;108908;108930;224354,289003;283009;277107;50644;39894
536,284603;108855;207129;108678;108696,289003;283009;277107;50644;39894
537,211925;211790;211722;211442;212067,36193;32446;289003;57790;283009
538,216379;331737;332082;96739;332194,181162;74501;289003;74450;283009
539,361028;96077;14868;362593;96739,289003;283009;277107;74501;50644
540,70215;70214;70222;348006;292924,289003;283009;277107;50644;39894
541,145453;130280;131330;142736;144963,316504;70710;32446;36193;354970
542,226056;202217;202338;202299;202239,289003;283009;277107;50644;39894
543,235997;233435;233039;235014;232993,289003;286865;283009;74457;57790
544,284845;207129;216379;207130;207128,74455;181162;289003;74450;283009
545,268529;241955;230355;96581;95532,74450;289003;57790;283009;277107
546,268529;337586;123852;312610;324693,289003;283009;277107;50644;39894
547,96581;215985;95532;95332;216136,289003;99753;283009;277107;50644
548,341748;341146;341446;214215;342418,211147;289003;84849;283009;316504
549,123907;124083;124628;123323;123395,289003;74450;283009;277107;50644
550,216379;236987;247663;216247;333969,289003;200400;283009;74501;277107
551,337439;230010;82243;77313;100936,289003;36193;283009;277107;50644
552,130444;145094;130426;145988;144753,289003;283009;93064;277107;50644
553,108853;108966;108959;108823;108847,70710;50122;258320;36101;190538
554,215985;216136;215128;216352;215951,289003;283009;74450;277107;50644
555,273435;283794;345908;283448;271666,289003;68424;74501;73308;203568
556,108853;108966;108959;162369;32401,289003;283009;277107;50644;39894
557,107304;107590;106989;107308;107594,277107;50644;39894;36162;352979
558,107304;107590;106989;107308;107594,74455;41153;262947;51550;104468
559,108853;108966;108959;108823;108847,74455;262947;37262;17285;99748
560,118614;118495;118498;118494;147915,41297;354970;224578;351027;281541
561,207129;336250;235385;207130;337781,289003;283009;277107;50644;352979
562,108853;108966;108959;348006;292924,289003;283009;277107;50644;36162
563,157514;159284;157555;162369;156355,186070;322955;289003;74451;74450
564,348006;292924;293189;347430;346964,289003;283009;277107;50644;39894
565,62409;62427;335500;334841;203558,74450;289003;283009;277107;50644
566,62750;62600;157514;14116;62601,289003;316504;283009;191772;68958
567,132914;132064;313006;132022;132868,289003;283009;277107;50644;39894
568,108853;70214;70217;70222;70220,289003;283009;74501;277107;50644
569,132628;132748;132898;132578;133321,74450;361986;213668;86988;289003
570,264178;264856;263287;264178;263287,68958;143731;34157;354694;74450
571,108853;108966;108959;108823;108847,289003;74501;283009;277107;50644
572,284845;268529;336538;337246;337581,289003;50265;283009;277107;50644
573,29935;23389;118614;22062;118495,74450;181162;289003;74501;155087
574,162369;284845;108855;108678;108696,289003;74455;283009;74501;277107
575,313006;214215;313868;338069;199198,289003;57790;213668;283009;50644
576,293259;346662;292477;291636;347220,93064;316504;289003;354970;70710
577,279593;227915;214215;286008;277110,74450;289003;74501;24580;74455
578,271001;270364;108443;106551;269124,289003;74450;36193;161491;283009
579,284845;216379;293259;346662;292477,289003;316504;283009;277107;50644
580,337586;86541;96581;95532;86357,57790;289003;283009;277107;50644
581,108853;108966;108959;156355;348006,289003;283009;277107;50644;39894
582,284845;239615;149066;116438;149087,289003;283009;74450;277107;50644
583,162369;157541;157500;158923;157544,74450;361986;60913;289003;93064
584,108853;108917;108938;108908;108930,74450;336056;289003;100527;93064
585,106972;107288;107569;107570;107571,289003;283009;277107;50644;39894
586,108853;108966;177703;177199;177986,289003;283009;277107;39894;352979
587,271444;270462;272859;272840;265314,180768;230334;74450;51550;74455
588,284845;242207;242213;242997;242145,289003;283009;277107;50644;39894
589,96581;95532;90281;96357;96219,316504;60122;289003;283009;71644
590,30955;288320;280662;22024;285101,289003;74501;74450;283009;277107
591,118614;118495;118498;118494;119448,93064;74457;36193;63947;87050
592,108853;108966;108959;108823;108847,289003;67966;93064;283009;74450
593,364046;324726;207129;132914;132064,289003;283009;277107;50644;39894
594,107590;106985;106986;107303;107587,289003;283009;277107;50644;39894
595,292986;293284;292363;292477;62409,283009;277107;50644;39894;36162
596,207129;224353;207130;207128;222259,289003;36193;283009;74455;277107
597,277110;207742;118614;118495;118498,289003;283009;50644;36162;39894
598,239331;239691;239343;239320;239914,289003;283009;277107;50644;39894
599,108853;108966;108959;207129;108823,289003;283009;277107;50644;39894
600,145453;130280;131330;142736;144963,138252;112794;327001;63086;181162
601,284845;289186;63835;63816;63843,289003;283009;74450;277107;50644
602,284845;236964;247931;247600;237852,289003;283009;74450;277107;50644
603,108853;108966;108959;108823;108847,289003;74501;283009;277107;50644
604,108443;255084;235312;87439;233613,74501;289003;283009;277107;50644
605,118435;140247;140923;125354;125256,289003;283009;50644;39894;352979
606,108853;108966;108959;207129;108823,289003;68958;283009;277107;50644
607,186837;187563;185291;341748;96342,289003;283009;277107;50644;39894
608,206130;207386;227915;206814;207141,74450;181162;289003;74501;63086
609,162369;284845;208560;96581;233967,289003;74450;283009;277107;50644
610,331835;332471;330980;332453;331823,51550;181162;286865;275151;41153
611,9126;245041;123368;118443;126938,289003;283009;74450;277107;50644
612,216053;348006;216009;292924;341748,289003;283009;50644;39894;36162
613,107304;107590;106989;107308;107594,289003;74457;283009;277107;50644
614,151508;71617;67649;71662;282120,39528;142861;57790;74501;74457
615,147291;146438;147366;114319;114317,186070;289003;74450;283009;277107
616,108853;108885;108813;108966;108878,74450;289003;283009;277107;50644
617,62409;217598;62427;217591;217688,74457;289003;74455;36193;283009
618,284845;118443;118614;118495;198964,74450;181162;289003;286865;186070
619,118614;118495;118498;118494;108443,93064;289003;57790;283009;351111
620,348006;292924;293189;347430;284845,289003;283009;277107;50644;39894
621,225010;114848;336250;132914;132064,289003;283009;277107;50644;39894
622,279272;236309;284474;284547;284452,289003;74455;283009;277107;50644
623,108853;108966;108959;108823;108847,348588;289003;63086;283009;192263
624,207757;77118;84153;80905;84352,289003;283009;277107;50644;36162
625,207129;207130;207128;207132;332517,289003;283009;351111;277107;50644
626,214215;236987;118614;248246;233127,289003;283009;7971;277107;50644
627,218043;330589;218251;328645;217993,289003;283009;74501;277107;50644
628,236309;232284;247220;234128;247121,282749;74455;74501;112794;285695
629,162369;108855;108678;108696;108611,289003;283009;277107;50644;39894
630,332517;118614;118495;331583;118498,36193;316504;99748;186070;230334
631,337586;218624;218044;336946;334628,93064;316504;289003;71644;213668
632,108853;108966;108959;162369;108855,289003;67185;283009;74450;277107
633,247600;247382;100925;234389;236309,74450;181162;74501;289003;266221
634,158191;162395;162309;337586;157514,289003;282749;74457;39528;283009
635,284845;237821;233967;237452;236616,289003;283009;277107;50644;39894
636,107304;107590;106989;107308;107594,289003;283009;277107;50644;39894
637,207129;207130;207128;207132;118614,74455;286011;289003;363411;283009
638,277085;284845;277068;132914;132064,289003;283009;277107;50644;74450
639,21314;13892;15118;15050;13881,289003;74450;283009;277107;39894
640,284847;342890;341901;342279;342169,289003;57790;36193;71644;283009
641,108853;108966;108959;108856;347323,74455;289003;283009;277107;50644
642,284845;216379;279593;214215;286008,289003;50644;39894;352979;36162
643,108853;108966;108959;108823;108847,39161;70710;118702;235969;74450
644,118614;118495;118498;118494;119448,266017;74457;65704;210781;289003
645,277110;338031;336657;337080;338333,289003;74450;283009;74501;50644
646,207129;207130;207128;207132;203702,71644;109162;289003;140131;283009
647,70214;70217;70222;70220;70221,277107;50644;39894;352979;36162
648,335500;334841;335418;97548;337774,289003;283009;181162;277107;50644
649,348006;292924;293189;347430;346964,289003;283009;277107;50644;39894
650,118614;118495;118498;118494;119448,146202;79790;289003;74455;198552
651,70214;70217;70222;245165;245170,289003;283009;277107;50644;39894
652,156740;160835;156936;156949;158583,286865;289003;186070;153166;283009
653,226475;226686;156355;226590;226576,289003;283009;277107;50644;39894
654,226496;30530;283402;15020;226686,289003;283009;277107;50644;39894
655,247382;236309;234318;247163;237282,235155;99748;74455;73886;7971
656,162369;348006;261685;292924;293189,289003;283009;50644;39894;352979
657,224354;96342;284845;96306;224353,289003;283009;277107;74501;50644
658,284845;335500;334841;335418;337774,289003;286865;74501;283009;277107
659,277085;284845;277068;338099;338500,289003;283009;277107;50644;39894
660,224353;222259;224011;162296;118614,36193;289003;316504;266221;32446
661,118549;148564;118485;119393;119491,74455;289003;74450;283009;277107
662,284845;159953;158625;156834;159878,289003;39161;32446;57790;283009
663,108856;108673;108594;108602;108884,289003;283009;277107;68958;50644
664,284845;333969;334455;337768;336934,289003;57790;283009;36193;277107
665,202456;202472;202283;206190;207342,289003;283009;277107;57790;50644
666,118614;118495;118498;118494;119448,74455;289003;336056;74501;200400
667,289097;343705;288304;96693;90951,289003;283009;277107;50644;39894
668,108853;108966;108959;162369;207129,289003;283009;277107;50644;39894
669,210443;210068;210866;210842;210622,350630;74500;51550;163960;286265
670,284845;108855;108678;108696;108611,74450;74501;74457;266221;289003
671,257622;256672;149130;118697;119531,289003;283009;277107;50644;39894
672,108853;108966;108959;207129;108823,74450;289003;57790;283009;277107
673,212022;337586;215985;216136;218175,289003;283009;277107;50644;39894
674,284845;34702;284681;33230;61523,289003;193104;99748;39528;209491
675,108853;108966;108959;242830;242163,289003;283009;277107;39894;352979
676,207129;85012;84354;84997;85014,289003;74450;283009;74501;277107
677,108853;108966;108959;226496;108823,289003;57790;74501;283009;277107
678,207129;207129;207130;207130;65988,289003;283009;277107;50644;39894
679,236476;236800;236484;234724;236638,289003;283009;277107;50644;39894
680,62409;188166;194934;243054;242199,289003;283009;277107;50644;39894
681,140247;140923;244950;177657;119057,289003;277107;50644;39894;352979
682,330589;328645;329145;332457;331310,100791;326141;76003;70219;75576
683,293259;346662;292477;291636;347220,180768;74450;186070;283009;277107
684,126938;118614;118495;126716;129150,93064;289003;57790;321196;283009
685,237673;230010;100936;236988;231841,289003;283009;93064;277107;50644
686,108678;108696;108611;108618;108877,289003;283009;277107;50644;39894
687,337586;279272;265149;345653;29758,289003;283009;277107;50644;39894
688,288267;288275;344022;288474;149220,289003;283009;277107;50644;39894
689,90118;96664;93471;118683;90299,84849;180768;288689;316504;351111
690,132914;132064;236476;236800;132022,289003;283009;277107;50644;39894
691,268529;90119;89959;90119;91123,289003;74450;283009;277107;50644
692,337586;4867;63297;96581;335500,283009;277107;50644;39894;352979
693,242207;213877;242213;242997;242145,289003;283009;277107;50644;74501
694,156740;160835;156936;156949;158583,51550;100828;74501;50265;166945
695,284845;336250;337781;336256;233967,289003;283009;277107;74501;50644
696,100670;100148;107863;97989;226312,235155;289003;283009;282683;277107
697,108853;108966;108959;284845;108823,289003;74450;283009;277107;50644
698,108853;108966;108959;108823;108847,277589;180439;74450;289003;115842
699,108853;284603;108966;108959;284845,289003;283009;277107;50644;36162
700,247663;247560;234200;236588;233152,74450;181162;289003;74455;143731
701,145453;130280;131330;142736;144963,93064;57790;165336;67966;74455
702,348006;292924;293189;347430;284845,289003;283009;277107;50644;39894
703,216379;337586;214215;96581;77333,289003;283009;74455;277107;50644
704,250711;251656;250378;251658;251655,289003;283009;277107;50644;39894
705,284845;118614;118495;118498;118494,322955;289003;105484;51550;283009
706,108853;108966;108959;108823;108847,200400;57790;74457;289003;283009
707,226542;206914;202210;202231;202423,289003;63086;283009;74501;277107
708,96581;335500;334841;335418;95532,289003;62066;283009;277107;50644
709,188400;224354;195417;207129;195191,289003;283009;277107;50644;39894
710,284845;282886;161164;230632;69850,74450;289003;283009;74501;277107
711,108853;108966;108959;108823;108847,86988;88551;289003;57790;213668
712,4719;4869;284845;4581;1074,289003;283009;277107;50644;39894
713,97274;90444;95555;90142;91136,74450;289003;266017;283009;277107
714,157514;159284;157555;162369;156355,106946;112794;186070;289003;191772
715,108853;108966;108959;108823;108847,289003;283009;74450;277107;50644
716,303922;304512;304834;303367;304902,63086;93064;354258;289003;100527
717,207757;202456;92427;208064;93252,289003;74455;283009;277107;50644
718,202456;215985;216136;215128;216352,86988;289003;316504;213668;93064
719,108853;108966;119241;108959;108823,74457;289003;74501;283009;277107
720,284845;129016;127495;138744;128957,74455;289003;283009;277107;50644
721,83694;84015;284845;84570;84796,289003;283009;277107;50644;39894
722,119057;148554;149126;148720;118486,316504;289003;283009;74501;277107
723,118614;118495;118498;118494;119448,342619;93064;316504;213668;57790
724,162369;29891;22339;30371;22876,74450;289003;74501;283009;277107
725,284845;235149;215985;232264;216136,289003;74450;283009;277107;50644
726,108853;108966;108959;108823;108847,74450;74501;289003;283009;50644
727,187491;162369;279593;279547;337586,289003;277107;50644;39894;36162
728,16912;16739;347323;15183;14661,289003;283009;277107;50644;39894
729,288320;293259;346662;292477;291636,74455;289003;283009;277107;50644
730,357718;214521;73532;354375;73819,282749;51550;74455;266017;49874
731,108855;108678;108696;108611;108618,289003;57790;283009;277107;50644
732,336897;162369;337342;336896;336694,289003;283009;277107;50644;39894
733,108885;108813;108878;108879;108880,289003;283009;277107;50644;74501
734,108856;207129;207130;157514;108673,289003;283009;277107;50644;36162
735,279593;286008;277110;346137;282249,289003;50644;36162;352979;214753
736,336250;337781;336256;62409;336924,289003;283009;277107;50644;39894
737,331634;284845;336250;305079;331635,283009;50644;352979;214753;74501
738,157514;159284;215985;157555;216136,57790;289003;213668;283009;62616
739,100670;100148;107863;97989;226312,74455;262947;235155;289003;283009
740,16954;15009;15665;13538;16700,289003;283009;277107;50644;39894
741,293259;346662;292477;291636;347220,74455;361986;266017;32446;289003
742,284845;207129;207130;207128;207132,289003;74501;181162;74450;283009
743,108853;108966;108959;348006;292924,289003;283009;74450;277107;50644
744,162815;284845;340920;342371;162810,181162;74501;63086;74450;289003
745,59946;59947;59948;59949;59950,289003;283009;277107;50644;39894
746,146012;156576;143723;158064;110601,143731;62149;289003;363380;303269
747,108853;108966;108959;108823;108847,289003;180768;283009;277107;50644
748,70215;70214;70222;70220;336250,289003;283009;74455;277107;50644
749,214215;233967;280662;236987;92427,289003;283009;277107;50644;39894
750,207129;207130;207128;207132;199469,289319;215243;25058;34336;181162
751,119491;348006;118446;292924;293189,289003;283009;74455;277107;50644
752,106977;107574;107577;108231;106974,93064;289003;74450;283009;277107
753,108853;108966;108959;108823;108847,150578;86988;32446;281820;316504
754,341748;226542;341146;16751;341446,289003;283009;277107;50644;39894
755,224353;96103;279272;89967;97274,289003;74455;283009;277107;50644
756,284845;166786;167146;166787;166900,289003;283009;277107;50644;36162
757,293259;346662;292477;291636;347220,181162;289003;63086;74501;235155
758,118614;118495;118498;118494;119448,289003;57790;283009;277107;50644
759,108853;108966;108959;284845;108855,74450;289003;74501;286865;283009
760,70214;70217;70222;70220;70221,289003;283009;277107;39894;36162
761,108853;108885;108813;108966;108878,289003;283009;277107;50644;74450
762,157015;148564;148426;243141;119491,289003;283009;277107;39894;36162
763,108853;108966;108959;108823;108847,63086;316504;71644;198552;50265
764,118614;118495;118498;118494;119448,68958;124688;180221;88551;240059
765,250711;251656;224354;250378;251658,289003;283009;277107;50644;74455
766,284845;277110;87127;87111;87504,289003;74371;165336;283009;50644
767,337586;338031;336657;337080;338333,289003;283009;277107;50644;36162
768,236309;118614;118495;118498;118494,74455;203568;181162;99748;70814
769,118614;118495;118498;118494;108443,235155;289003;74450;7971;283009
770,239717;239802;239686;239320;239707,289003;283009;277107;50644;39894
771,216053;348006;216009;292924;293189,289003;283009;39894;352979;214753
772,245682;245685;245684;245687;245681,289003;283009;50644;39894;352979
773,284845;283787;345952;283128;282553,289003;186070;316504;283009;74450
774,87301;87318;227915;284547;86468,71644;289003;283009;316504;277107
775,108853;108966;108959;348006;292924,289003;283009;277107;50644;39894
776,162369;29140;224353;23237;22941,289003;283009;277107;39894;352979
777,108853;108966;108959;108823;108847,289003;283009;74501;277107;50644
778,236000;236700;247641;246672;233101,74501;181162;74457;203568;74455
779,108853;108966;108959;108823;108847,180768;186070;230334;289003;32446
780,228860;235997;233435;233039;235014,62425;100791;326141;74450;96756
781,108853;108966;108959;348006;292924,289003;283009;277107;50644;39894
782,242207;242213;242997;242145;242045,289003;74450;283009;316504;74501
783,162369;157514;159284;157555;162369,57790;289003;283009;306066;36193
784,226581;226686;284845;226478;5346,289003;74450;283009;277107;50644
785,140247;140923;16954;15009;15665,289003;283009;277107;50644;39894
786,265148;130427;123606;124135;145492,289003;283009;277107;50644;39894
787,108853;108966;108959;348006;261685,283009;50644;39894;352979;36162
788,202456;118614;118495;202283;118498,37555;289003;74455;262947;63086
789,106977;107574;107577;108231;106974,289003;283009;277107;50644;39894
790,108853;108966;108959;108823;108847,289003;283009;57790;50644;36162
791,348006;292924;293189;347430;346964,289003;71644;74450;186070;74501
792,261685;209000;209325;261544;261472,289003;283009;277107;50644;39894
793,336250;337781;336256;336924;337465,36193;74450;202583;181162;70710
794,106989;107594;107911;106987;106988,283009;277107;50644;39894;352979
795,70214;70217;70222;70220;70221,289003;283009;277107;50644;39894
796,243054;242199;242076;240743;22062,289003;283009;277107;50644;39894
797,293259;346662;292477;214215;291636,289003;283009;277107;50644;39894
798,348006;292924;293189;347430;346964,289003;283009;74501;277107;50644
799,108853;108966;108959;108823;108847,354970;74450;289003;140131;316504
800,336575;284845;333219;337594;337283,289003;283009;316504;277107;50644
801,216379;126938;216247;86922;86281,289003;74501;283009;74450;277107
802,62409;218043;207374;62427;218251,289003;283009;277107;50644;39894
803,157514;156393;233967;159284;157555,235155;289003;283009;277107;50644
804,284845;283787;345952;283128;282553,354970;68958;74450;213668;289003
805,284845;346234;283455;279547;285446,289003;283009;277107;50644;39894
806,224354;83694;84570;83203;190833,289003;283009;277107;50644;39894
807,346938;293429;347067;346968;293422,289003;283009;277107;50644;39894
808,361028;361562;362292;361756;360097,289003;283009;277107;50644;39894
809,228807;237643;233066;162408;247963,289003;74450;283009;277107;50644
810,130323;144778;130966;131125;130928,289003;283009;277107;50644;39894
811,156740;160835;156936;156949;158583,257262;8218;93064;202583;36486
812,198610;199197;198817;230290;198822,289003;283009;277107;50644;36162
813,140866;140607;124982;125429;121399,289003;74450;283009;277107;74501
814,293259;346662;292477;214215;291636,289003;283009;277107;50644;39894
815,107304;107590;106989;107308;107594,289003;283009;74455;277107;50644
816,108885;108813;108878;108879;108880,277107;50644;39894;352979;36162
817,336250;216379;313006;85747;70592,283009;277107;50644;39894;352979
818,124427;124067;124135;337586;232531,289003;283009;277107;50644;39894
819,335500;334841;335418;337774;336839,63086;213668;211147;74450;289003
820,140781;140908;125221;125683;140282,289003;283009;277107;50644;39894
821,108853;108966;108959;108823;108847,289003;283009;181162;277107;50644
822,84341;77477;77952;80154;77621,74450;303725;286865;289003;74501
823,284845;277307;216379;58105;337586,289003;283009;277107;39894;352979
824,108853;108966;108959;108823;108847,289003;283009;277107;50644;39894
825,162369;348006;292924;293189;347430,289003;283009;277107;50644;39894
826,239615;239304;247532;239819;239795,289003;283009;277107;50644;316504
827,70214;70217;70222;70220;70221,289003;283009;277107;50644;39894
828,236476;236800;236484;234724;236638,289003;283009;277107;50644;39894
829,177140;176586;176700;176555;177148,289003;283009;277107;50644;39894
830,108853;108966;108959;108823;108847,62616;113233;68170;88551;95156
831,239655;162369;348006;292924;293189,289003;283009;277107;50644;39894
832,202456;202283;202421;207691;202437,74450;289003;283009;181162;277107
833,90118;96664;93471;118683;90299,36193;86988;316504;70710;32446
834,284845;107226;104153;103896;106835,289003;222149;283009;277107;50644
835,119486;277085;96342;207129;118769,289003;283009;277107;50644;352979
836,118614;118495;118498;118494;119448,32446;71644;81346;57790;129773
837,336184;337354;268529;337522;206130,289003;283009;277107;50644;39894
838,162369;158191;162395;162309;202210,289003;283009;277107;39894;352979
839,272976;272270;270840;273794;268372,74450;289003;74501;63086;283009
840,108853;108966;108959;108823;108847,74450;32446;186070;289003;361986
841,237821;233967;237452;95866;236616,289003;283009;277107;50644;39894
842,70214;70217;70222;70220;70221,289003;283009;86988;193104;277107
843,207129;207130;207128;207132;118614,63086;86988;193104;74501;203568
844,214215;288482;288457;289186;332517,289003;316504;71644;283009;277107
845,279272;284474;284547;345554;118614,316504;74450;289003;93064;283009
846,226581;224354;108659;207129;108726,289003;283009;277107;50644;39894
847,108853;108966;108959;284845;108855,289003;283009;277107;50644;39894
848,108853;108966;108959;108823;108847,289003;283009;34692;277107;50644
849,162369;157541;157500;158923;157544,289003;283009;277107;50644;36162
850,108853;108966;108959;108856;108823,74450;283009;277107;50644;39894
851,108853;108853;108938;108938;108885,50644;36162;214753;74501;74450
852,215975;215907;216357;216163;216000,283009;277107;50644;39894;352979
853,157514;159284;157555;162369;157748,74501;253475;79790;289003;25187
854,336897;337342;336896;336694;337637,289003;283009;277107;50644;36162
855,348006;292924;293189;347430;284845,289003;283009;277107;50644;39894
856,108853;108966;108959;162369;348006,289003;283009;277107;50644;39894
857,178365;284845;9126;132914;132064,289003;283009;277107;50644;39894
858,108853;108966;108959;162369;284845,289003;180768;51550;283009;74450
859,201005;200720;200842;200594;201013,354970;74455;74450;186070;266017
860,108853;108966;108959;108823;108847,74450;289003;63086;74501;283009
861,108853;108966;108959;292986;96342,289003;277107;50644;36162;352979
862,108853;108966;108959;108855;108678,74450;361986;74501;86988;289003
863,108443;235312;87439;233613;88306,112794;285695;68958;86988;99753
864,215552;118614;118495;214765;224975,289003;283009;277107;50644;36162
865,236987;237821;237452;237482;236987,289003;283009;277107;50644;39894
866,284845;215638;70592;336538;215827,289003;283009;277107;50644;39894
867,108853;108966;108959;108823;108847,289003;283009;277107;50644;39894
868,202427;202182;118614;118495;202293,289003;74501;283009;277107;50644
869,351875;346665;292941;216379;330948,289003;283009;277107;50644;39894
870,277307;215638;268529;215827;335500,289003;283009;277107;50644;39894
871,284845;119486;216379;242207;118868,289003;283009;277107;50644;39894
872,202456;218175;217681;107810;218159,41153;57790;171290;289003;41405
873,207129;207130;207374;207128;207132,74455;289003;283009;277107;50644
874,108853;108966;108959;108823;108847,283009;277107;50644;39894;352979
875,159953;158625;156834;159878;162435,262947;203568;235155;5917;63086
876,249504;249961;250337;250757;249766,289003;283009;277107;50644;39894
877,162369;157541;157500;158923;118614,57790;289003;74501;86988;283009
878,207129;207130;337586;157514;159284,289003;283009;277107;50644;36162
879,108853;108966;108959;108823;108847,289003;74455;283009;277107;50644
880,284845;233967;236616;237582;246816,289003;316504;283009;74455;277107
881,162369;292689;292552;157514;159284,289003;283009;277107;50644;39894
882,243054;242199;242076;240743;243188,181162;74455;74450;289003;99753
883,202337;233967;236616;202705;203232,289003;283009;277107;50644;39894
884,108853;108966;108959;162369;224354,50644;39894;36162;352979;214753
885,108853;108885;108813;108966;108878,51550;289003;235155;283009;74501
886,129016;127495;337563;187504;334108,289003;283009;277107;50644;39894
887,234443;207129;207130;213928;246931,289003;283009;50644;39894;352979
888,348006;292924;293189;347430;346964,283009;277107;50644;39894;36162
889,224354;205847;206492;206194;207310,289003;283009;277107;50644;39894
890,284845;96103;89967;97274;96487,289003;74455;139031;283009;277107
891,215975;215907;216357;216163;216000,289003;283009;277107;50644;39894
892,90118;96664;93471;118683;90299,63947;74501;289003;75285;50265
893,140781;140908;125221;226475;125683,289003;283009;277107;50644;39894
894,284845;123852;124755;124607;123826,282749;74455;68958;171471;74450
895,215975;215907;216357;216163;216000,289003;283009;74450;277107;50644
896,331337;202293;266401;202379;266555,289003;283009;181162;7971;277107
897,203558;202353;202462;202556;202423,289003;186070;283009;157407;350630
898,125674;239123;239523;239691;239700,289003;283009;277107;50644;39894
899,108853;108966;108959;108823;108847,289003;283009;186070;277107;50644
900,156355;162525;157514;161687;159284,74450;186070;92718;200400;289003
901,207374;103317;206895;103659;104369,74455;36486;68958;235155;289003
902,243054;242199;242076;240743;243188,74450;289003;74501;283009;277107
903,313006;236476;236800;236484;234724,289003;74501;283009;277107;50644
904,288320;236987;289186;219904;219855,74450;289003;74501;283009;277107
905,207129;62409;118322;207130;118686,283009;277107;50644;39894;36162
906,236476;236800;236484;234724;236638,74455;289003;283009;70219;277107
907,162369;348006;277085;292924;293189,50644;352979;36162;214753;336254
908,107615;237394;107465;105329;228640,289003;74501;193104;316504;283009
909,108853;108966;108959;108823;108847,74455;63086;289003;93064;282749
910,118614;118495;118498;118494;119448,186070;74450;36193;289003;99748
911,284845;216379;241955;157514;159284,289003;283009;277107;50644;39894
912,108853;108966;108959;108855;108678,289003;283009;277107;50644;39894
913,36252;89598;301585;88982;88975,71644;213668;316504;93064;63947
914,118614;118495;118498;118494;119448,74455;321196;34692;289003;89091
915,125520;207129;140994;141506;207130,47324;289003;209491;57790;86988
916,70215;70214;70222;292986;336897,289003;283009;277107;50644;39894
917,164198;163295;163913;163535;163038,74455;289003;17285;283009;266017
918,123368;124717;124316;345062;124755,37555;214175;289003;74501;222149
919,207129;207130;292689;292552;123368,289003;283009;74455;277107;39894
920,108853;108966;108959;348006;108659,289003;283009;277107;50644;39894
921,202456;209325;118614;118495;208957,74455;289003;283009;277107;50644
922,224353;222259;224011;332517;118614,289003;283009;277107;50644;39894
923,108853;140247;140923;108966;108959,289003;283009;277107;50644;39894
924,277085;224354;284845;277068;243054,289003;283009;277107;50644;39894
925,239801;239612;239610;215638;239303,289003;283009;277107;50644;39894
926,70215;70214;70222;70220;238686,289003;283009;74450;277107;50644
927,108855;108678;108696;108611;108618,289003;283009;277107;36193;50644
928,272705;272001;270510;268821;270885,186070;100791;100825;74450;181162
929,108853;108966;108959;108823;108847,289003;58000;283009;93064;277107
930,236988;236309;247821;234128;235039,200400;112794;186070;74450;92718
931,284845;132914;132064;132022;132868,93064;289003;283009;277107;50644
932,108853;108966;108959;108823;108847,86988;70710;36193;289003;283009
933,284638;203558;98309;86733;86384,74455;282749;70710;74450;41405
934,202456;272584;118614;118495;202283,186070;47324;289003;36193;166041
935,284845;207374;236476;236800;207018,289003;283009;277107;50644;39894
936,108853;108966;108959;108823;108847,282749;67966;180768;41082;289003
937,337586;96581;95532;90281;96357,57790;86988;193104;289003;63086
938,284845;343457;343452;343911;184275,135741;63086;35096;157407;262947
939,108853;108966;108959;108856;108823,289003;36193;283009;277107;50644
940,132914;132064;132022;132868;132021,289003;283009;277107;50644;39894
941,218542;217659;118614;118495;218317,289003;286265;93064;181162;283009
942,87369;15020;14591;15118;15195,289003;283009;50644;39894;36162
943,277852;282570;278423;279528;284391,86988;193104;289003;316504;282749
944,332146;337138;338013;333494;118614,235155;289003;74501;181162;7971
945,284847;149130;149130;119305;118697,289003;283009;277107;50644;39894
946,207129;62409;207130;212022;62427,289003;283009;277107;50644;39894
947,348006;292924;293189;347430;284845,289003;74501;186070;283009;74450
948,207129;305079;207130;344079;127930,283009;277107;50644;39894;36162
949,241891;237545;233967;242724;242453,289003;74450;93064;283009;74455
950,108853;108917;108938;108908;108930,289003;283009;277107;50644;39894
951,284845;293259;346662;292477;214215,289003;283009;277107;50644;74501
952,336254;89806;336184;89540;337354,289003;283009;277107;50644;36162
953,284845;293259;346662;292477;214215,74450;289003;283009;277107;50644
954,157514;159284;157555;162369;156355,289003;74450;283009;277107;50644
955,15020;14591;15118;15195;15050,289003;74501;283009;277107;50644
956,206130;207386;206814;207141;206451,289003;303725;74450;213932;283009
957,108853;108966;108959;63807;63807,283009;50644;36162;214753;74501
958,284845;108855;108678;108696;58708,289003;74455;283009;74501;277107
959,284547;282886;312610;237482;308525,289003;283009;277107;50644;39894
960,236476;332891;236800;236484;234724,289003;283009;277107;50644;39894
961,336184;336585;337354;337069;337522,283009;277107;50644;39894;352979
962,264321;336184;263620;337354;337522,289003;283009;277107;74455;50644
963,70214;70217;70222;70220;244689,289003;283009;277107;50644;39894
964,57885;346183;285933;285933;346183,213668;57790;289003;211147;316504
965,347733;62409;291294;347739;123322,289003;283009;74450;277107;50644
966,215975;215907;216357;216163;216000,36193;57790;32446;289003;283009
967,108853;107304;107590;106989;107308,289003;74450;186070;283009;277107
968,284845;236244;236761;347956;346989,289003;283009;222149;277107;50644
969,70215;70214;70222;70220;70221,289003;283009;277107;50644;39894
970,157015;347496;348002;347215;292503,289003;283009;74450;277107;50644
971,338099;337563;334108;333749;338500,289003;283009;277107;50644;39894
972,207129;243054;207130;242199;242076,50644;39894;36162;352979;214753
973,289468;277085;258071;277068;187504,289003;283009;277107;50644;39894
974,34585;34646;86526;35905;35552,112794;57790;327001;51550;71644
975,118614;118495;118498;118494;119448,47324;36193;186070;86988;289003
976,36478;221303;50872;71157;61610,93064;289003;74455;71644;39607
977,108853;108966;108959;108823;108847,289003;283009;277107;50644;39894
978,31448;138744;23050;32565;30510,289003;283009;277107;50644;39894
979,277085;277068;95715;90712;90455,289003;283009;277107;50644;39894
980,308525;308204;308917;307956;307504,32446;289003;93064;283009;36193
981,258082;258219;258355;258221;258274,289003;57790;283009;277107;50644
982,108853;108966;108959;162369;84015,289003;283009;277107;50644;39894
983,108853;108966;108959;108855;108678,289003;36193;283009;70710;32446
984,348006;292924;293189;347430;346964,50644;39894;352979;36162;214753
985,336250;337563;334108;333749;337746,74455;51550;252749;57790;34692
986,140781;140908;125221;125683;140282,289003;283009;277107;50644;39894
987,358037;65360;159170;160832;152054,74501;222149;319206;336056;203568
988,161572;31805;220249;220199;219766,289003;283009;74455;74501;74450
989,118614;118495;118498;118494;108443,57790;36193;289003;56688;213668
990,207129;132914;132064;207130;132022,289003;283009;50644;39894;36162
991,317746;336254;317741;317860;336184,289003;283009;277107;50644;39894
992,236495;118614;118495;236194;118498,57790;93064;213668;88551;361986
993,224353;215638;118908;118855;279593,289003;50644;39894;36162;352979
994,108856;292689;292552;108673;108594,289003;283009;277107;50644;39894
995,207129;207129;236183;207130;207130,289003;283009;277107;50644;36162
996,207129;207130;313006;293259;346662,289003;283009;277107;50644;39894
997,108853;108966;108959;108659;108823,74450;213668;36193;32446;289003
998,216379;224353;58509;214215;207359,289003;283009;277107;74450;50644
999,108853;108966;108959;108855;347973,289003;283009;277107;50644;39894
